{
  "n_test": 202,
  "threshold": 0.5,
  "accuracy": 0.3316831683168317,
  "f1_macro": 0.24907063197026022,
  "auc": 0.735323383084577,
  "class_0": {
    "precision": 0.3316831683168317,
    "recall": 1.0,
    "f1": 0.49814126394052044
  },
  "class_1": {
    "precision": 0.0,
    "recall": 0.0,
    "f1": 0.0
  },
  "splits_info": "splits_indices.json",
  "ckpt": "the_best.pth",
  "labels_csv": "labels_final.csv"
}